1,1,Harlie,Radborne,9441910112,108.173.13.145
2,2,Berky,Kleinert,4614027373,135.93.98.150
3,3,Prudy,Dudden,9514311701,92.172.21.166
4,4,Constantin,Pre,8049050347,112.155.193.51
5,5,Georges,Schurig,7514523492,155.94.33.240
6,6,Darrelle,Vassano,9564598177,142.167.42.143
7,7,Sigismund,Dallaway,6764559983,94.229.241.74
8,8,Lizzie,Blackhall,5381673985,39.234.237.239
9,9,Elana,Burger,9782412828,109.85.225.44
10,10,Gaile,Peckham,9344041028,88.178.24.120
11,11,Heywood,Ortiger,4953356128,26.149.182.223
12,12,Pippo,Bercher,5241853203,82.222.124.104
13,13,Vonni,Lalor,9538268322,60.50.167.128
14,14,Merwyn,Staniford,6859294041,186.219.209.132
15,15,Ilene,Finneran,8595506589,86.108.218.73
16,16,Harlen,Bubb,1829570586,153.182.138.230
17,17,Duffy,Sich,7743648700,129.11.25.170
18,18,Jarib,Purdon,3846249510,169.1.174.144
19,19,Shandy,Friar,2712728916,60.11.12.47
20,20,Igor,Boxhill,7272025158,226.31.101.127
21,21,Laurena,Sollis,5109091836,141.52.147.44
22,22,North,Dannell,6332439625,21.154.250.119
23,23,Corrina,Heinzler,1871318717,22.177.147.130
24,24,Keene,Slinn,6517507150,214.119.228.61
25,25,Danie,Vogele,5402053941,251.0.150.125
26,26,Sella,Ryott,6393376149,188.12.158.88
27,27,Althea,Huxtable,2003289219,71.144.171.67
28,28,Eugenia,Rockhill,7623902173,121.198.51.55
29,29,Franny,Maha,5749457326,185.168.252.191
30,30,Daryle,Antoney,8532151496,180.215.25.50
31,31,Gualterio,Philipart,2215716632,39.105.13.241
32,32,Dodi,Iczokvitz,4722688604,136.87.46.114
33,33,Alfy,Harden,1489882369,58.172.21.172
34,34,Zandra,Gebhard,1505568849,49.180.224.203
35,35,Andrea,Oolahan,6004845323,248.45.172.50
36,36,Jami,MacRanald,9571962569,249.211.29.205
37,37,Jermain,Aveyard,3437900589,32.147.170.221
38,38,Vincenz,Chandlar,2407254146,121.96.171.28
39,39,Sigismondo,MacNab,3149705822,57.81.79.254
40,40,Maxwell,Hourston,1307231661,84.7.209.74
41,41,Brigitta,Batters,3864385851,239.165.157.33
42,42,Barde,Livett,6899872215,97.109.204.162
43,43,Matthiew,Verrell,5737589493,123.119.13.230
44,44,Ki,Romeril,3927157740,29.172.231.119
45,45,Tremain,Becarra,6355784278,122.22.199.202
46,46,Othilie,Schirok,7371683542,233.51.36.43
47,47,Peterus,Scripps,2879096216,177.24.151.43
48,48,Kristi,Reason,7268654005,220.120.114.255
49,49,Olympe,Amorts,1535650978,126.44.202.109
50,50,Baxter,Rosenstiel,3874764429,71.47.214.168
51,51,Matty,Dennison,2374736520,6.84.212.34
52,52,Donnajean,Jeppe,9843717027,239.93.18.61
53,53,Cindelyn,Pretti,2703193731,68.155.68.148
54,54,Karly,Huguet,2465126889,158.182.112.196
55,55,Geno,Hrus,3338730211,87.180.228.178
56,56,Charis,Huertas,3626426042,160.140.220.166
57,57,Goran,Cator,1046508147,112.168.196.4
58,58,Zach,Flecknell,6452681274,4.250.106.1
59,59,Clarita,Pinyon,7808509608,104.247.200.13
60,60,Marguerite,Boagey,9933666986,205.108.212.255
61,61,Paten,Soigne,7172674710,225.166.80.13
62,62,Rosco,Aristide,9745485380,159.232.151.151
63,63,Felicdad,Leah,1721575911,63.40.128.23
64,64,Theobald,Greenlees,7457931680,216.76.245.100
65,65,Salvador,Leve,6483934832,228.198.237.95
66,66,Carlie,Risborough,8107546050,146.66.207.57
67,67,Pattie,Bucknall,7893358654,138.196.191.6
68,68,Bastian,Le Batteur,4497154477,123.101.66.188
69,69,Sandie,Bastide,5301408728,200.161.154.112
70,70,Terencio,Schule,8575307595,213.58.148.228
71,71,Rozele,Rafe,9496075189,233.129.87.248
72,72,Agnes,Dronsfield,8727685314,147.33.168.36
73,73,Owen,Barten,4822846877,77.182.174.221
74,74,Trumann,Marson,2716589910,6.84.103.231
75,75,Joela,Lube,7354360347,208.56.61.41
76,76,Jeremy,McCard,4882130022,58.21.101.142
77,77,Jessie,Cathee,7053241904,141.154.155.4
78,78,Madelin,Obbard,9363439471,82.109.170.91
79,79,Barnaby,Fivey,4977049282,122.133.190.131
80,80,Arny,Filchagin,9197120575,69.224.47.155
81,81,Adriaens,des Remedios,8452086756,12.222.217.188
82,82,Luisa,Tallboy,8953221128,64.23.242.49
83,83,Miranda,Radke,5316553875,228.99.46.171
84,84,Kristos,Bullers,4999036592,28.147.218.121
85,85,Denny,Yaneev,9024456133,143.164.165.20
86,86,Rene,Selbach,9548113598,40.94.236.168
87,87,Elisabet,Stirton,5559952572,245.17.238.148
88,88,Giorgia,Preddle,2549101488,216.108.159.27
89,89,Garrek,Draper,4023636140,181.21.22.170
90,90,Siffre,Keilloh,9536690597,8.39.60.71
91,91,Ginnie,Netherwood,5375159169,154.246.48.233
92,92,Darby,Bonde,6277246575,41.58.255.219
93,93,Vale,Marousek,4198957313,41.44.240.42
94,94,Lissy,Domeny,1149210334,63.125.146.53
95,95,Geoffrey,Plampeyn,8499944032,169.69.100.126
96,96,Nara,Durrett,1868775323,186.120.101.213
97,97,Matthias,Dionsetti,7122833720,126.232.21.87
98,98,Shelby,Tootal,9458076124,232.188.37.168
99,99,Ailee,Haythornthwaite,2031086329,209.91.85.107
100,100,Fonz,Grealish,4392047229,94.172.141.217
101,101,Carver,Di Boldi,4978777145,185.252.107.8
102,102,Ruthe,Pagan,4842245999,123.129.74.103
103,103,Felice,Trigwell,4164699306,172.152.31.29
104,104,Rois,Whicher,9562272170,66.1.167.205
105,105,Stanislaw,Larne,9172641027,249.19.93.211
106,106,Bridgette,Otley,8166077257,63.94.68.83
107,107,Kynthia,Sergeaunt,8242270035,145.231.65.109
108,108,Mart,Layborn,3532385519,115.62.235.238
109,109,Quillan,Odby,9108380673,109.65.94.236
110,110,Cos,Smeuin,8079026502,112.136.162.231
111,111,Arnie,Wiffill,8926097328,229.51.145.114
112,112,Wright,Sunley,5949079582,189.248.0.154
113,113,Syd,Geratt,7893677253,9.61.41.69
114,114,Zarla,Phifer,9179046054,12.198.125.29
115,115,Tamqrah,Ludmann,7179714650,82.229.77.232
116,116,Phillipp,Bartlet,3324785324,213.152.239.119
117,117,Miof mela,Baggallay,2859022953,128.103.189.229
118,118,Celestyn,Gabbett,4853481752,188.245.123.71
119,119,Vitia,Axup,7757358584,3.215.113.148
120,120,Hamid,Lumb,5965822422,202.158.232.63
121,121,Pauly,Latehouse,7646731770,224.48.147.53
122,122,Corbie,O'Neill,8099625376,249.196.147.213
123,123,Bessy,O'Neal,7575328522,255.230.105.254
124,124,Carlee,Kerman,4274549136,154.27.7.212
125,125,Nicholas,Bellinger,2207275417,19.51.6.220
126,126,Giacomo,Porrett,5767676491,118.130.134.118
127,127,Tim,Ridings,8115621091,242.118.104.127
128,128,Daffi,Daniello,7129040143,53.46.240.90
129,129,Dorelia,Steven,4054922297,11.66.18.95
130,130,Rubi,Imesson,2844430082,56.125.26.201
131,131,Pall,Brennan,8945208284,112.150.74.102
132,132,Ingamar,Fulmen,8856303788,169.55.64.116
133,133,Maxi,Szubert,7106929290,33.160.154.168
134,134,Maible,Dunkinson,8033549375,77.41.196.98
135,135,Farris,Keepe,3585235451,12.131.7.84
136,136,Artemus,Nower,9221640758,64.67.229.126
137,137,Wilfred,Petford,8432218183,68.137.47.46
138,138,Junie,Condon,3558198460,179.27.216.174
139,139,Hi,Crockley,3767388092,31.74.151.3
140,140,Lukas,Hayball,1764147196,26.199.205.114
141,141,Tiebout,Scamwell,2813031456,162.50.9.106
142,142,Diena,Smewing,1895710248,13.250.218.225
143,143,Blair,Hansed,9019391477,129.1.31.212
144,144,Dalia,Middler,8048033488,142.225.88.218
145,145,Fey,McTerry,3348091560,120.109.18.0
146,146,Suzi,Rome,9045596929,235.53.56.197
147,147,Orson,Aldwick,6343520289,19.220.85.58
148,148,Burr,Baddam,5903513406,165.224.249.235
149,149,Chrissie,Feighry,9505427860,3.220.30.213
150,150,Katharine,Brosetti,1828695496,38.94.143.249
151,151,Alard,Gooderson,6186167084,85.150.17.98
152,152,Beltran,Gieraths,4993805978,44.70.155.176
153,153,Hubie,Cowen,4589604689,14.223.127.58
154,154,Christoph,Goshawke,4403959270,241.32.159.69
155,155,Kassey,Yarmouth,7194165828,171.49.100.193
156,156,Taddeusz,Conkay,5163948732,0.184.86.244
157,157,Nana,Rispin,2022133035,86.159.103.193
158,158,Derick,Bastick,1643036140,95.52.140.15
159,159,Ced,Beeby,2526246250,193.27.135.228
160,160,Gabriell,Nannetti,2229541529,74.159.67.96
161,161,Roberto,MacTrustie,9664733039,10.186.174.146
162,162,Sigvard,Ionn,4954860611,177.140.146.167
163,163,Ariana,Tofpik,8777536836,195.6.0.161
164,164,Somerset,Rizzotto,2454161228,132.82.180.51
165,165,Danita,Wheatley,8148678160,247.80.104.156
166,166,Beryl,Sposito,8851224841,85.135.49.70
167,167,Nickolas,Foulds,5352868301,38.161.158.65
168,168,Roana,Blaber,2323857745,22.134.24.133
169,169,Ailsun,Welbelove,5724516624,155.139.194.27
170,170,Patten,Snepp,2343908043,14.45.34.146
171,171,Emmanuel,Baumaier,9223564724,185.129.55.41
172,172,Kelley,Castelijn,9967034663,250.60.154.175
173,173,Morlee,Ditchburn,6372608616,212.198.62.157
174,174,Lorelei,Snoxill,3885777187,143.11.41.92
175,175,Harri,Stansall,2046207533,12.49.25.148
176,176,Christy,Grimoldby,9673431573,121.181.127.77
177,177,Constancy,Gidley,9231577130,68.232.83.13
178,178,Nathalie,Tupper,4267359945,5.230.193.237
179,179,Elinor,Kerrane,1838651919,112.91.165.21
180,180,Allis,Loveday,3314647401,3.189.102.79
181,181,Bert,Reedyhough,9311992253,199.58.228.5
182,182,Gordon,Fazakerley,8709765371,68.164.208.102
183,183,Winona,Lassen,4883805841,18.153.154.30
184,184,Fionnula,Tyrrell,3803288497,241.61.94.55
185,185,Adolphus,Peller,9041892595,103.240.230.120
186,186,Romona,Hanalan,5362987970,235.29.210.185
187,187,Dotty,Child,4762524293,151.23.0.244
188,188,Dulcia,Orehead,1747441215,217.79.138.141
189,189,Lothario,Wallace,5364450183,239.38.229.58
190,190,Hasheem,Yakubov,7944635750,109.110.165.211
191,191,La verne,Loney,3644763099,184.195.224.88
192,192,Michaela,Jagson,7617451822,34.1.64.10
193,193,Ernie,Kinnar,6185613346,42.37.95.223
194,194,Claiborn,Grcic,2057360427,83.190.190.232
195,195,Meyer,Presslie,2096056834,182.148.161.114
196,196,Kamilah,Plumley,7354844664,16.217.191.199
197,197,Lelah,Rogier,2668635206,212.74.85.36
198,198,Dela,Stranger,8796899697,128.218.220.247
199,199,Rozamond,Rameau,9292474310,249.194.40.160
200,200,Phoebe,Surmeyer,8821827511,68.122.223.37
201,201,Camellia,Visco,9357050088,117.152.241.54
202,202,Abagael,Claesens,6655791367,168.36.87.18
203,203,Willyt,Locarno,6263646067,208.70.83.19
204,204,Kippy,Sommer,7961915445,184.190.99.255
205,205,Kameko,Seven,9469707530,78.1.108.111
206,206,Adrea,Hicklingbottom,8309335914,55.226.233.29
207,207,Martha,Tittletross,9083680699,254.167.101.51
208,208,Bertina,Chawkley,6391697938,81.106.117.131
209,209,Merla,Gehringer,4174334308,57.16.171.164
210,210,Anabella,Huffa,5003585909,192.235.251.55
211,211,Karina,Cawthorne,4093449643,191.254.243.194
212,212,Cathyleen,Bidgood,7633334758,173.254.205.183
213,213,Lorianne,Wiffield,7609854033,166.166.235.186
214,214,Ernesto,Alennikov,7835795480,83.97.114.105
215,215,Maurise,Harsant,1557654175,14.79.180.193
216,216,Cari,Hadeke,1566307279,220.129.175.72
217,217,Darla,Venables,7897222849,189.163.36.242
218,218,Dallas,Wythe,9393700726,19.229.59.182
219,219,Trev,Perryn,1914203305,234.73.207.103
220,220,Francine,Penylton,7338135555,185.178.14.18
221,221,Leta,McQuorkell,2545420279,195.120.123.218
222,222,Cyb,Chotty,9441856332,225.103.222.225
223,223,Kylen,MacDaid,7098376570,1.192.238.223
224,224,Tammy,Seif,3159371901,106.142.89.172
225,225,Bjorn,McEnteggart,4447382550,49.10.211.85
226,226,Byrann,Pragnell,5948755201,10.189.162.46
227,227,Clement,Gladtbach,2769772563,42.125.254.57
228,228,Liliane,Tradewell,8901791334,43.98.4.63
229,229,Joletta,Elwyn,6514963516,222.81.220.117
230,230,Leese,Nutkin,2749378876,218.93.104.174
231,231,Ilyssa,Hazley,6088036742,2.195.128.90
232,232,Arnie,Bastistini,5154206471,218.145.82.69
233,233,Dickie,Lockett,6813016474,16.11.105.25
234,234,Robinetta,Casterou,7945287891,221.15.43.170
235,235,Russ,Brands,2185903393,247.14.254.84
236,236,Welby,Marmon,2818608984,233.74.98.220
237,237,Theodore,Aplin,5255703613,190.250.178.8
238,238,Humfried,Kemston,2378917367,29.252.40.38
239,239,Hughie,Friday,7461387918,253.21.206.96
240,240,Olva,Dugan,4648649569,235.28.31.67
241,241,Jordain,Gives,8034438224,213.17.229.229
242,242,Rik,Munday,2581334135,101.133.120.156
243,243,Loydie,Rengger,8076231361,76.180.172.226
244,244,Marna,Hynes,2811254292,34.109.198.224
245,245,Ema,MacKinnon,8892922037,162.88.72.44
246,246,Maryl,Leinthall,3173561362,185.199.225.115
247,247,Ryun,Ragless,1006942577,23.225.217.76
248,248,Forster,Custance,7859827855,161.191.159.129
249,249,Theo,Wadman,5086557896,211.181.177.236
250,250,Rosco,Malinson,5899469375,63.171.25.101
251,251,Elisabetta,Lagne,2291376810,178.206.77.211
252,252,Tasha,McRill,3305837350,143.91.130.209
253,253,Daffie,Bastian,4756892942,87.1.140.43
254,254,Westley,Dowsett,9681940566,101.97.189.134
255,255,Daryn,Trewhitt,9701375988,154.248.229.91
256,256,Cass,Smallacombe,9249006761,252.12.159.246
257,257,Bel,McGorman,2732344718,245.173.10.169
258,258,Pearce,Goncaves,5862086065,15.8.78.168
259,259,Gilli,Fridlington,1383493932,167.155.185.45
260,260,Jessie,Lupton,4342075561,179.251.126.208
261,261,Anatola,Jacson,8131518530,198.166.233.88
262,262,Xever,Stonard,6973803389,241.198.186.60
263,263,Coriss,Pedro,1979641566,179.162.173.1
264,264,Gayle,Bagniuk,8922414793,36.1.251.134
265,265,Leeann,McLarnon,7526796519,100.89.25.120
266,266,Carlynne,Whittier,9065928952,101.230.30.146
267,267,Gwenny,Rattenbury,4852664866,188.57.48.205
268,268,Lizabeth,Wickendon,5018646308,83.255.141.5
269,269,Mariann,Colvin,6777310748,220.190.217.155
270,270,Sean,Claisse,7818393645,49.79.244.46
271,271,Jonell,Elsmere,6658972232,210.188.153.39
272,272,Tades,Siaskowski,1241767568,26.125.153.235
273,273,Roch,Willison,1494793080,25.223.7.45
274,274,Durward,Gibbon,4063286868,118.228.7.104
275,275,Bartholomeo,Lipman,7804457952,16.232.204.75
276,276,Wally,de Savery,4106255104,252.25.155.35
277,277,Giuditta,Lippitt,6873044257,118.222.0.13
278,278,Darcey,Curd,1471846912,193.152.220.178
279,279,Elwood,Ruckert,9474012765,124.189.194.125
280,280,Lorita,Ely,4061673845,81.17.78.171
281,281,Tabby,Barras,7802095317,43.222.56.212
282,282,Hubey,O'Mailey,6441655802,227.47.164.95
283,283,Vanya,ducarme,5003946640,153.23.214.64
284,284,Kirstyn,Knightsbridge,5132001427,60.118.103.19
285,285,Naoma,Cutting,9585448976,8.9.198.174
286,286,Walt,Iorizzi,1048846548,239.82.197.158
287,287,Codee,Capron,5234274498,235.65.182.83
288,288,Jonathon,Hayball,8385716619,178.81.202.145
289,289,Malissia,Brockest,1912161854,52.9.62.237
290,290,Dix,Testro,1138193314,208.48.150.37
291,291,Torrie,Bloan,2913618794,139.250.138.20
292,292,Rodolfo,Camies,9357888264,95.5.181.145
293,293,Ricki,O'Hanley,4828435128,18.155.140.255
294,294,Dewey,Vernalls,4587599005,57.193.40.26
295,295,Trefor,Goor,1919290818,36.227.114.16
296,296,Gregoor,Bazylets,8496744434,105.39.85.111
297,297,Kaitlynn,Issett,3153541342,10.228.142.107
298,298,Rufus,Bosher,1282241755,69.235.74.114
299,299,Danna,Stebbings,5816865784,225.185.113.136
300,300,Jerrie,Bembrick,6695929885,255.32.223.232
301,301,Cele,Bernardino,8262706860,161.196.16.19
302,302,Rutger,Tuvey,8949658585,69.121.115.3
303,303,Slade,Guerri,5144926209,33.163.184.220
304,304,Bernadine,Longmaid,7336665972,220.206.13.58
305,305,Charline,Hext,8776990484,52.50.192.168
306,306,Kathye,O'Regan,1181432577,156.99.12.13
307,307,Tilda,Stading,2047918235,143.171.56.144
308,308,Nappie,Jarvie,6878867246,124.220.212.8
309,309,Wynny,Hamlet,3269322775,247.129.215.158
310,310,Faye,Durden,1564832973,139.84.182.249
311,311,Deloria,Enrietto,1961407884,39.209.200.21
312,312,Rochella,Ellor,9841247233,195.161.168.153
313,313,Mikey,Greggor,6222442762,250.191.175.7
314,314,Thomasin,Lewzey,6601647741,0.223.14.81
315,315,Brew,Faircloth,6012514002,180.76.88.107
316,316,Gordan,Wogdon,9749599188,78.48.59.215
317,317,Waverly,Nealand,4128372165,129.178.5.26
318,318,Debra,McDunlevy,2278397818,8.51.239.210
319,319,Kinny,Borg-Bartolo,4222814081,80.241.33.44
320,320,Salvador,Whightman,8891231381,140.31.120.227
321,321,Ingrim,Aulds,8291685817,86.192.39.67
322,322,Carmita,Underhill,2801729211,14.54.29.165
323,323,Katine,Persitt,8463668804,213.30.220.11
324,324,Miller,Wellan,4935699285,102.104.51.235
325,325,Merry,Sissel,3881738563,229.154.11.71
326,326,Cherise,Jeayes,7186208902,38.25.200.253
327,327,Trev,Webb,5329518676,137.213.134.21
328,328,Linc,Kennedy,8331932053,222.93.129.23
329,329,Rickie,Barfford,3684094932,132.246.68.145
330,330,Jonah,Iiannone,6089628993,122.239.187.210
331,331,Elane,Bassford,1682210249,12.221.44.57
332,332,Fletcher,Keighley,6389097081,74.242.193.143
333,333,Phil,Lorkin,3019892965,103.210.149.186
334,334,Morley,Shreve,1549925525,206.12.44.45
335,335,Timoteo,Phizaclea,2031439528,192.70.229.199
336,336,Brit,Toe,6679471258,200.185.237.178
337,337,Olympia,Dewhirst,2198414519,112.10.55.25
338,338,Jolie,Rawdales,6096944344,188.110.242.11
339,339,Bink,Lapsley,3415318187,185.238.22.65
340,340,Meris,Bellhouse,8306740296,251.136.116.242
341,341,Trina,Zanitti,5485610817,114.155.26.16
342,342,Dan,Romayne,7798810213,218.223.34.212
343,343,Paloma,Cortes,1266807745,225.124.182.102
344,344,Tremain,Garmston,5729359958,147.35.246.26
345,345,Jacqui,Eldin,7155227000,218.11.237.122
346,346,Danny,Ratley,5997175417,178.15.111.238
347,347,Monroe,Martinho,6202541609,34.118.146.52
348,348,Fernando,Goede,9304766370,89.239.137.97
349,349,Judi,Symonds,2535569828,42.85.112.253
350,350,Kenny,Giorgetti,7103193558,82.53.153.234
351,351,Woodman,Howden,2462181809,5.148.190.174
352,352,Brandon,Sekulla,2428927462,210.64.141.251
353,353,Gene,Gurko,5768308235,42.128.46.85
354,354,Yul,Caldwall,7449550420,136.20.81.212
355,355,Bartlett,Philliskirk,3024824201,164.18.203.72
356,356,Leonanie,Gatheral,4656623870,90.191.162.249
357,357,Dahlia,Leirmonth,5802375088,250.71.152.19
358,358,Bunnie,Westmacott,3217386603,4.31.75.36
359,359,Harrietta,Haddow,3403111183,128.77.253.218
360,360,Dorey,Vaugham,4438172651,157.168.245.138
361,361,Kirbee,Leed,2142771166,210.19.218.105
362,362,Anissa,Dannohl,4658933372,187.177.150.168
363,363,Toddie,Volleth,9385326360,7.37.254.161
364,364,Rycca,Cathro,7118594167,240.129.252.228
365,365,Dory,Syrie,9857323562,56.253.217.161
366,366,Carlee,Frew,1327406822,252.174.17.129
367,367,Nissy,Toupe,7683318559,92.207.159.142
368,368,Stormi,Beggio,4265171359,104.181.237.142
369,369,Stefa,Fake,8901818386,61.25.171.221
370,370,Tedra,Renforth,8558675128,168.113.52.169
371,371,Adriana,Jandac,5046854565,246.142.110.156
372,372,Esra,Kapelhof,3102428774,198.59.133.92
373,373,Eugenie,Lintin,9956754601,245.67.204.232
374,374,Gustavus,Dominici,7776262670,243.184.89.23
375,375,Bernardo,Dmytryk,6487272437,163.144.207.182
376,376,Kissie,Tithecott,4069855333,222.56.61.255
377,377,Tiebout,Dougliss,9344335840,26.180.88.153
378,378,Boony,Pedel,5559871089,181.161.244.190
379,379,Ronald,Crosston,1328706599,109.123.163.200
380,380,Evey,Brockway,2516161103,150.28.253.47
381,381,Parrnell,Hebburn,4052062942,219.8.63.178
382,382,Rance,Gladstone,5733884043,213.148.228.86
383,383,Selena,Burdfield,9204552683,224.222.73.140
384,384,Nathanial,Stoddart,1091248066,45.230.160.80
385,385,Langsdon,Sainter,9721158115,39.133.1.65
386,386,Arlina,Allenson,3649406140,98.150.101.11
387,387,Roderich,Von Hindenburg,7412475940,20.53.108.255
388,388,Vilma,Crotty,5674004633,73.94.192.143
389,389,Hobard,Noddings,1961344957,136.179.63.219
390,390,Maryanna,Gallo,7098417394,79.184.78.206
391,391,Ash,Sager,8006632429,169.177.191.245
392,392,Simon,Philippson,2823263920,2.146.247.25
393,393,Jakob,Jesty,7075227806,199.37.159.9
394,394,Dacie,Yanukhin,4117881487,197.101.44.133
395,395,Niel,Tidbury,9751676100,251.41.248.181
396,396,Vince,Bloomer,7402542959,68.198.184.55
397,397,Elvyn,Ethelstone,7944827320,235.147.33.133
398,398,Alessandra,Gudeman,4165692134,121.86.102.175
399,399,Linette,Rockhall,7697063921,39.24.172.208
400,400,Susie,Ginty,3633499611,62.197.149.252
401,401,Ronald,Tourne,4357211553,55.96.208.15
402,402,Jeffie,Kilty,2182335497,218.149.243.7
403,403,Gerard,McMurthy,1672838084,245.100.59.76
404,404,Sallyann,Schoolfield,3403872116,132.110.168.149
405,405,Valida,Gladeche,3387651175,175.108.244.212
406,406,Krystyna,Fairley,9076929558,161.163.213.234
407,407,Dulcea,Laverenz,5092253688,243.91.195.71
408,408,Belita,Glasscoe,3343630708,100.24.252.153
409,409,Jewel,Matteini,1655418757,90.165.143.146
410,410,Edee,Stoakley,4136403355,222.31.163.191
411,411,Karylin,Stallen,2091888429,50.39.210.174
412,412,Roosevelt,Hambelton,6958944353,149.176.77.7
413,413,Madelon,Lockitt,2681273598,190.34.149.10
414,414,Benoite,Maguire,7918551984,188.55.58.228
415,415,Rudd,Banfield,8489102398,209.207.190.210
416,416,Herschel,Koubek,2715448980,36.130.90.200
417,417,Rozalie,Benck,6522157524,13.62.181.27
418,418,Timmie,Troak,2188130378,218.219.211.0
419,419,Avery,Sivess,3306816558,249.54.180.238
420,420,Laurette,Charter,2918102696,215.238.134.124
421,421,Rik,Mounfield,8355495369,73.138.202.3
422,422,Jessi,Berwick,8308409545,181.208.153.13
423,423,Sarette,Grishmanov,8501451780,21.120.234.151
424,424,Basil,Scipsey,6389612948,47.86.239.247
425,425,Reagan,Fritchly,6711761426,190.192.252.133
426,426,Sadye,Pead,3492652089,240.149.234.6
427,427,Laurianne,Banger,2705909751,88.65.210.130
428,428,Haleigh,Perfili,9174607703,248.156.48.34
429,429,Ellis,Durbin,9408674180,22.22.121.29
430,430,Candie,Currie,1017207568,88.191.167.113
431,431,Flo,Dale,5166800604,126.158.120.218
432,432,Jessica,Belsher,1214050579,20.129.23.143
433,433,Edan,Naisbet,1037934023,102.178.102.121
434,434,Sandor,Prinn,3488199957,237.227.186.255
435,435,Dev,Milton,3529985980,146.234.49.10
436,436,Tamqrah,Haggith,3821410826,9.3.28.175
437,437,Tonya,Harvett,4349638387,67.235.26.134
438,438,Vallie,Holtum,3809589277,215.246.59.22
439,439,Francisca,Cesco,1401931047,112.211.53.94
440,440,Yale,Tyers,2519928400,194.147.31.183
441,441,Chrissy,Dudin,8352923067,247.91.148.195
442,442,Aldin,Grundon,5841069616,111.110.82.43
443,443,El,Quinnelly,8003297062,227.148.84.90
444,444,Tildie,Barfford,1995424926,248.172.3.154
445,445,Benjamen,Parmby,6999566458,176.226.177.48
446,446,Lucinda,Carolan,6225979007,171.254.225.37
447,447,Archibold,Paraman,5262375753,251.69.5.37
448,448,Nanny,Ringer,3732849444,236.63.254.88
449,449,Monte,Voff,2795102824,204.96.239.3
450,450,Freddi,Debnam,3526045298,20.213.41.244
451,451,Ardelia,Juschka,8932628678,31.214.4.144
452,452,Craggy,Goodluck,5073433006,98.92.250.119
453,453,Wait,Jacobovitch,2447338468,9.117.164.80
454,454,Carleton,Lantry,4974661080,248.254.168.143
455,455,Jayme,Gatherer,2548311370,95.50.136.32
456,456,Leela,McKitterick,9364253712,27.206.47.230
457,457,Oralie,Whimper,1251556684,135.44.172.10
458,458,Elvera,Buncom,6549979195,188.221.23.93
459,459,Lay,Ferenczy,4317649713,236.118.252.224
460,460,Barri,Fardoe,4887202347,8.20.176.198
461,461,Alleyn,Timoney,9218823725,156.113.129.241
462,462,Aldon,Paule,3624932339,72.108.7.230
463,463,Silvanus,Messingham,9775153849,29.54.138.169
464,464,Tiffani,Klimsch,3182175805,251.42.99.55
465,465,Sheilah,Colhoun,3844033266,222.236.34.90
466,466,Glori,Vigers,5139415486,203.170.250.168
467,467,Launce,Greenhouse,5205271426,167.23.167.189
468,468,Estel,Cussons,4031796995,214.17.246.139
469,469,Issie,Torr,1217815380,219.208.192.131
470,470,Joelynn,Kennedy,1311864755,119.70.223.73
471,471,Sig,Queyeiro,1835828023,194.149.124.113
472,472,Elyse,Milhench,5848429877,220.11.208.167
473,473,Matti,Drain,6119350012,71.226.244.110
474,474,Kim,Klulisek,3257427124,111.197.225.205
475,475,Isabella,Franzini,5263335502,30.157.180.242
476,476,Granville,Speedy,9299180150,97.30.86.128
477,477,Miranda,Curds,4993177168,88.143.95.230
478,478,Matt,Daugherty,4005724861,178.20.10.216
479,479,Heindrick,Wedderburn,8772415834,110.3.230.241
480,480,Denise,Handforth,2079149320,115.80.115.31
481,481,Fanny,Glashby,9997839819,251.247.122.161
482,482,Cort,Conrad,8393202843,22.170.241.102
483,483,Ulla,Furzey,4408175196,154.209.106.173
484,484,Bonni,Middup,3083940790,51.9.140.112
485,485,Michail,Arro,1138916876,163.21.138.89
486,486,Paige,Caldeiro,7902261972,64.172.43.197
487,487,Joete,Brimming,2188250055,254.239.168.222
488,488,Clay,Vince,9662915942,84.41.101.193
489,489,Gale,Merrill,4813686672,243.37.188.126
490,490,Avivah,Krikorian,4362807907,28.103.169.247
491,491,Baryram,Leaman,2232090783,240.210.56.88
492,492,Rickie,Tapton,7636213062,225.203.168.91
493,493,Bron,Molnar,4705447964,183.11.184.42
494,494,Salomone,Braney,3741082097,193.49.185.117
495,495,Corabelle,Forber,8419903270,129.245.141.55
496,496,Graham,Gowdie,3289298032,172.25.34.126
497,497,Andre,Upstell,4585079563,95.188.98.167
498,498,Ardelia,Stothert,5014815121,219.169.134.231
499,499,Caralie,Le Gassick,3324143285,13.144.20.86
500,500,Syman,Halt,8759716069,137.11.13.211
501,501,Barnaby,Byard,8475396068,142.2.92.156
502,502,Lucy,McCobb,4131381404,178.210.164.203
503,503,Layton,MacAlees,4988013218,141.114.52.249
504,504,Reuven,Davidai,9622390239,106.201.181.54
505,505,Crosby,Maudson,3242765471,82.124.114.243
506,506,Brocky,Cattonnet,4073259966,107.128.113.82
507,507,Brent,Necrews,8929292937,221.230.75.204
508,508,Frasco,Weson,3915421618,68.206.3.65
509,509,Margaux,Archard,7015490272,56.209.150.142
510,510,Barth,Symon,9789470794,162.38.32.104
511,511,Emlyn,Groneway,3691212951,120.66.148.189
512,512,Vanya,McIlheran,6151591366,230.63.152.193
513,513,Ealasaid,Chewter,8509856213,122.152.51.100
514,514,My,Sewell,2672143132,53.127.89.209
515,515,Adorne,Stapells,8725494777,168.132.35.214
516,516,Aldin,Eidler,7289162007,92.215.52.92
517,517,Lizabeth,Balnaves,9479182212,227.251.116.223
518,518,Ranna,Clawe,8371203607,126.214.254.233
519,519,Marcelo,Hryniewicz,6297436023,146.216.255.179
520,520,Kathy,Abels,8456893462,115.155.166.108
521,521,Arvie,Woodroffe,3589324548,142.18.242.122
522,522,Kaleb,Minter,8377079174,165.193.155.124
523,523,Buiron,Giacopelo,9352938811,238.10.133.76
524,524,Barbi,Vasechkin,2632168495,170.205.33.147
525,525,Deidre,Vevers,4442668044,177.182.137.231
526,526,Jackie,Persence,8048555293,219.174.19.84
527,527,Dwayne,Daniellot,1129850874,0.204.60.249
528,528,Zach,Letixier,6885487477,91.30.172.126
529,529,Stephen,Carme,3833032279,146.174.246.237
530,530,Tybalt,Philler,9971439993,180.158.38.112
531,531,Arnie,McBay,4674241989,91.25.199.73
532,532,Briney,Cracoe,6379210312,83.130.123.49
533,533,Caterina,Leimster,5365139076,128.117.206.100
534,534,Whitney,Baugh,8761425805,191.129.41.93
535,535,Bax,Thorrington,6609114155,250.229.83.156
536,536,Bennie,Bryan,3913287195,207.24.119.204
537,537,Zane,Grebbin,8083870129,62.246.120.158
538,538,Earle,Basilone,3442473675,69.173.187.165
539,539,Sibelle,Carle,4525888665,244.50.164.9
540,540,Kiersten,Wreiford,4285805480,190.108.148.74
541,541,Marlon,Paule,2899821246,58.113.150.130
542,542,Zarah,Pidon,2566379554,89.37.24.193
543,543,Berke,Beiderbeck,8546313474,172.72.52.86
544,544,Zolly,Demeza,2517478905,86.33.142.121
545,545,Grier,Moorhouse,5585900477,132.115.59.32
546,546,Jacqueline,Jellyman,4242951229,143.222.165.30
547,547,Joly,Pyrah,3298718052,102.162.14.241
548,548,Brenn,Aylott,4894362516,183.82.206.198
549,549,Itch,Epinay,7051503755,220.225.213.220
550,550,Cathlene,Malshinger,6122731192,143.33.37.66
551,551,Skippy,Cowitz,4775901291,51.93.121.196
552,552,Marina,Engall,4758548449,221.223.142.92
553,553,Cordell,Fattore,2927161662,86.65.32.204
554,554,Mallory,Wildbore,4216489400,187.64.174.251
555,555,Wolfie,Brasher,1486394843,176.77.92.234
556,556,Aubrey,Nowaczyk,8159825962,209.246.168.235
557,557,Rolf,Scarsbrick,9123587041,53.90.249.35
558,558,Row,Noore,7641364423,30.10.171.118
559,559,Waldo,Josefsohn,4786710648,71.121.48.121
560,560,Onida,Castanares,6819530613,70.46.177.158
561,561,Aloysia,Emerson,9222622422,146.83.87.108
562,562,Keely,Mant,2256683826,211.211.94.35
563,563,Bili,De Metz,9851873069,213.231.212.78
564,564,Sean,Lackeye,1908377953,39.53.184.68
565,565,Dirk,Allflatt,3052891497,75.57.33.249
566,566,Selene,Syms,9292185089,251.178.120.80
567,567,Glory,Raiment,1612266500,129.162.149.252
568,568,Hynda,Frayn,7587811659,233.252.12.141
569,569,Alic,Courcey,2867449006,144.0.178.162
570,570,Roth,Brittan,3257026606,192.40.56.250
571,571,Ivory,Dugdale,4584600554,7.221.64.152
572,572,Michail,Worsnop,5116690022,245.232.144.196
573,573,Katina,Tointon,8781390642,27.45.217.251
574,574,Wood,Hendrix,7071207400,8.137.38.61
575,575,Chad,Hurche,2475608587,113.56.166.191
576,576,Lorain,Seiter,8031562403,222.106.69.123
577,577,Archaimbaud,Nanetti,2071998645,134.94.44.137
578,578,Giffer,Norledge,8085936780,18.104.131.140
579,579,Ella,Hockey,8069936102,200.224.187.34
580,580,Josefina,Kincade,3561017100,20.201.117.195
581,581,Ferrel,Cowtherd,9199229790,169.207.214.41
582,582,Brennan,Girardy,4522590761,218.191.75.196
583,583,Ozzy,Schubert,1554815920,180.169.21.242
584,584,Barb,Kovelmann,1116318468,181.206.207.29
585,585,Jabez,Stephens,7742843418,61.153.51.187
586,586,Gwenneth,Greenroad,5569692935,65.220.151.157
587,587,Randie,Bedrosian,9116921801,161.202.112.220
588,588,Everard,Bosher,9947106851,136.2.62.88
589,589,Hildagard,Maior,1164030896,196.172.191.76
590,590,Miriam,Murrish,4216076785,44.230.123.116
591,591,Joanie,McMillan,2373165148,212.178.96.102
592,592,Frayda,O'Loughlin,5625414940,222.65.99.2
593,593,Shelby,Vallentine,6934849543,101.59.33.82
594,594,Feodora,Woollaston,3292814964,78.232.222.234
595,595,Cullin,Strowther,2663975339,207.26.53.58
596,596,Ibrahim,O'Fallowne,3114944822,113.112.69.142
597,597,Christophorus,Lavies,3428402049,28.157.194.242
598,598,Constancia,Meiner,2086015713,73.30.128.226
599,599,Guillemette,Achrameev,5035020830,145.166.12.225
600,600,Charlotta,Marrington,7724221375,18.151.46.120
601,601,Garwood,Paulsson,9415555609,223.146.236.227
602,602,Hinda,Duckett,8442283569,184.95.0.232
603,603,Mildred,Berrane,9533536397,117.194.244.248
604,604,Orton,Swancock,7763958266,195.102.16.178
605,605,Cassi,Carberry,2063510088,50.231.247.80
606,606,Nicolai,McMichael,1459128991,80.26.140.143
607,607,Janette,Macari,6529519576,247.142.74.30
608,608,Rhett,Luckes,4409623090,72.59.120.45
609,609,Gare,Baleine,5174454021,106.43.52.252
610,610,Fredericka,Foggarty,3019056072,4.26.43.193
611,611,Freddy,Shawcross,3941777087,178.151.234.91
612,612,Freddie,Fillon,2145108847,11.174.215.206
613,613,Erena,McAlroy,3986978944,228.6.48.134
614,614,Brocky,Raselles,4216104367,189.188.129.67
615,615,Weston,Volante,1211585077,91.182.126.151
616,616,Ben,Brumpton,2937858210,211.18.57.91
617,617,Guinna,Niaves,7242547903,76.179.254.11
618,618,Virgie,Erickssen,4235005142,5.108.205.52
619,619,Findlay,Shillabeer,9795412706,202.38.221.250
620,620,Briana,Wille,2833227835,19.190.81.255
621,621,Lennie,Moorey,3782570298,31.254.14.154
622,622,Estevan,McVane,3067355312,157.19.3.75
623,623,Judas,Goodread,3386849289,238.253.38.183
624,624,Nissa,Heinsius,5186505985,88.72.47.251
625,625,Suzette,Morshead,5618917947,153.164.37.212
626,626,Pammy,Brammall,4933302327,188.31.133.240
627,627,Caro,McGing,5657619986,174.0.224.63
628,628,Perice,Drysdall,7454089679,98.44.200.55
629,629,Corinne,Ardron,6521667909,109.234.232.79
630,630,Jone,Goalby,5541894489,254.159.80.185
631,631,Jeffy,Skrine,7154943577,184.108.27.135
632,632,Wilmer,Luesley,5059018573,168.167.169.210
633,633,Karoly,Lerohan,1663990420,216.13.63.174
634,634,Emelita,O'Nowlan,4993256751,18.252.135.47
635,635,Austin,Pevie,1824696779,247.75.213.161
636,636,Skye,Thandi,7842338003,176.73.147.93
637,637,Gustaf,Trusslove,5727316316,234.250.192.115
638,638,Hulda,Frizzell,1034345988,156.72.240.194
639,639,Adriano,Lillford,3573170237,185.110.144.214
640,640,Lilyan,Soares,2573541973,97.44.113.184
641,641,Niall,Rannigan,8543005992,236.175.158.85
642,642,Corny,Bugge,3158625508,109.169.233.120
643,643,Freeland,Worton,6791231037,146.181.5.90
644,644,Rurik,Paffot,1297075340,181.192.140.50
645,645,Annetta,Ferrierio,5151003991,23.106.214.176
646,646,Bobina,Fishlock,3695073997,35.154.124.21
647,647,Frannie,Lambal,6439516422,79.215.45.57
648,648,Sena,Erricker,1636296792,255.89.245.25
649,649,Trixi,Sacher,9994944438,232.155.251.25
650,650,Lynnelle,Dumbrall,9688241373,76.200.50.22
651,651,Doralynne,Signorelli,1543020465,34.182.99.69
652,652,Antonin,Cuttings,9831010330,54.161.157.145
653,653,Stephenie,Greensall,9615293799,4.10.115.13
654,654,Penn,Lafoy,9021712630,83.133.44.214
655,655,Sheridan,Gasquoine,5616751635,32.250.108.227
656,656,Hamlin,Benedito,3204044942,109.9.132.177
657,657,Stacia,Knagges,9394040868,226.126.148.158
658,658,Dode,Gillett,1766875461,146.156.88.85
659,659,Henka,Meindl,7286206635,183.190.28.92
660,660,Stephani,Colbridge,5053789486,153.167.95.187
661,661,Juliane,Reuven,2884563812,231.50.186.223
662,662,Wilton,Silby,3339124521,170.45.144.212
663,663,Isiahi,Measor,8692569042,102.4.126.172
664,664,Hugh,McElory,9253333878,244.10.153.169
665,665,Henrieta,Benbow,1886583584,161.183.189.252
666,666,Rhona,Spiring,7642969037,11.220.236.133
667,667,Rene,Wims,9134523794,172.216.142.69
668,668,Borg,Rainsdon,7595994625,220.219.185.191
669,669,Cissiee,Allenby,2862083790,250.207.124.108
670,670,Donnie,Sieve,5827086140,34.189.129.187
671,671,Veda,Ahlf,4817312679,148.12.125.243
672,672,Carmelle,Illing,7631093815,97.120.74.230
673,673,Rowe,Sellick,3775826484,121.140.36.75
674,674,Guendolen,Enderle,4325900862,228.98.26.13
675,675,Fifine,Romera,8588431912,155.104.152.196
676,676,Minta,Kitter,1258018953,238.110.46.41
677,677,Alyce,Nicholson,2038077395,55.135.209.47
678,678,Huberto,Karpmann,9528467281,178.114.60.120
679,679,Chrysa,La Grange,6344427478,252.195.227.67
680,680,Thoma,Larciere,7021209505,129.245.159.118
681,681,Josephine,Joska,6577066597,36.58.236.219
682,682,Estel,Pietzke,9818060749,71.67.35.12
683,683,Bailey,Merida,2403798523,95.65.154.62
684,684,Dilan,Strewther,1798588607,92.208.23.131
685,685,Luz,Mitkin,4213874617,158.108.17.182
686,686,Gayla,Elener,7596966485,61.131.59.64
687,687,Constancia,Grimwad,4812636844,85.148.136.254
688,688,Henka,Ginnaly,7692537149,46.224.9.203
689,689,Rodge,Garvie,7812589803,190.210.3.81
690,690,Evangelia,Sawkin,8175785534,209.84.72.223
691,691,Elianore,Hadenton,7701944109,144.198.228.85
692,692,Isobel,Stocking,1009139112,222.31.118.105
693,693,Pru,Bonifazio,4886706084,241.62.30.251
694,694,Leeann,Chitty,4151249509,118.40.150.61
695,695,Andrei,Estick,7315328833,146.103.135.88
696,696,Jamesy,Lenormand,1293875104,34.182.54.8
697,697,Yurik,Budgey,2953499888,22.79.253.16
698,698,Boothe,Dewhirst,9965278714,69.177.240.141
699,699,Rickie,Angric,4824863929,92.64.231.82
700,700,Frederico,Belchambers,4151210531,101.56.254.182
701,701,Chrissie,Casa,2503689246,240.240.220.93
702,702,Olympie,Jeaffreson,7015083618,88.243.107.234
703,703,Rycca,Backs,9518780792,184.180.246.226
704,704,Damaris,Strangeway,1324555074,94.56.24.81
705,705,Joceline,Buie,7153008273,158.210.77.91
706,706,Gun,Viccary,9135828836,130.241.7.108
707,707,Clemmie,Portwain,3887387231,168.146.137.250
708,708,Nannie,Maplethorp,9816639373,159.110.236.71
709,709,Loreen,Rozet,6815780180,250.107.61.140
710,710,Andrey,Iuorio,1631329419,212.149.44.37
711,711,Cassaundra,Portwaine,2709131495,43.151.133.94
712,712,Phedra,Allnutt,2535716026,3.210.147.17
713,713,Indira,Spieck,4572813971,218.232.53.140
714,714,Tybalt,Auger,4094973296,187.5.70.207
715,715,Jewel,Mathen,6241293367,166.141.211.164
716,716,Kellyann,Ellsbury,1795512921,85.52.158.27
717,717,Eugenie,Whatley,6405016652,247.61.220.113
718,718,Emmi,Goldsbrough,6743290827,80.232.127.125
719,719,Dillie,Rattenberie,2464815976,111.98.140.232
720,720,Brent,Willstrop,4469331754,80.84.211.149
721,721,Roosevelt,Juggings,4785712641,176.133.195.113
722,722,Naoma,Beattie,9014646923,67.93.75.93
723,723,Renault,Brandes,9912323663,165.60.19.40
724,724,Cloris,Tankus,6286748489,167.155.178.179
725,725,Beilul,Lengthorn,4224323361,72.35.143.128
726,726,Fallon,McCurtain,5025821101,149.209.158.71
727,727,Lorry,Maberley,6831446933,63.77.204.227
728,728,Juana,Gasnell,1727733780,187.85.71.42
729,729,Piotr,Yurukhin,6656574217,205.33.119.177
730,730,Lemmie,Middas,6213819608,217.73.105.86
731,731,Adelind,Freestone,2269249740,6.145.85.100
732,732,Josey,Grady,9956579873,27.9.93.24
733,733,Bevin,Writtle,7243334979,128.135.121.146
734,734,Britteny,Rye,5409081387,161.64.232.221
735,735,Enrico,Swainger,6335405033,247.211.7.47
736,736,Annabel,Grassett,1608444364,107.199.129.189
737,737,Vikki,Conochie,8697025571,235.236.255.138
738,738,Faulkner,Bartles,3953329014,244.189.41.228
739,739,Ivonne,Kennsley,2544261540,36.113.100.33
740,740,Lorant,Reuter,2456135350,106.184.154.133
741,741,Quinlan,Bloomer,2113905718,252.42.54.172
742,742,Ricky,Crispin,4563741968,219.76.246.227
743,743,Conroy,Howlings,1981904619,217.177.33.24
744,744,Etta,Bedome,4295355989,66.40.174.150
745,745,Merissa,Missington,5187326049,9.94.194.154
746,746,Kristofer,Gascoyne,1463495103,186.235.184.37
747,747,Bellina,De Freyne,3927189274,3.15.155.156
748,748,Parry,Gierardi,3963090676,82.53.91.241
749,749,Rhea,Keast,4046878635,68.225.247.71
750,750,Toddy,Crombie,7707717062,109.44.118.74
751,751,Mikol,Ashingden,7355284233,72.176.152.245
752,752,Baxy,Shorthouse,4111546303,160.215.112.93
753,753,Sharline,Galliford,8948908931,134.58.46.186
754,754,Gaye,Cail,8485037527,36.220.151.20
755,755,Devin,Freund,2878981314,27.170.150.200
756,756,Marie,Burrus,4109848511,149.102.121.8
757,757,Fitz,Troker,1133954777,211.131.150.130
758,758,Virgil,Heeks,9184119770,26.99.243.134
759,759,Martelle,Odeson,5796615997,12.190.108.186
760,760,Gusta,Padbery,1074328319,109.69.160.103
761,761,Toby,D'eath,2081496751,63.251.226.114
762,762,Phineas,Morando,1257101530,58.87.145.26
763,763,Rick,Redpath,3657416433,92.108.35.209
764,764,Christina,Pea,9625588746,161.205.133.202
765,765,Alexis,Chapelhow,2176529531,136.169.110.229
766,766,Evelin,Hoffner,9132993142,33.49.226.254
767,767,Beatrisa,Stoller,9688934999,88.182.201.249
768,768,Ellie,Cubitt,2649852652,13.25.19.91
769,769,Amandi,Fuggle,3799266849,236.147.83.73
770,770,Bary,Boule,7948355162,109.28.149.99
771,771,Luisa,Thickpenny,1189788077,196.34.151.147
772,772,Annabelle,de Quincey,9157784916,0.249.133.184
773,773,Glynis,Trowsdall,4881686279,31.121.149.176
774,774,Wain,Frances,9328368050,28.51.201.158
775,775,Cassey,Killough,6376106322,8.204.104.198
776,776,Sawyer,Matt,8568809318,45.222.54.209
777,777,Maurie,Bernardino,6997882459,4.196.90.93
778,778,Brigid,Spriggen,1724407715,26.223.9.229
779,779,Olivier,Bartosik,4013907992,69.85.112.83
780,780,Kalle,Axup,8108207311,194.22.135.178
781,781,Stan,Ternent,5076455172,81.148.0.160
782,782,Georas,Harniman,1704026101,183.96.38.25
783,783,Veda,Gier,3944487366,171.156.44.141
784,784,Thane,MacVanamy,6088775214,111.108.101.159
785,785,Stanton,Pilkington,1765549058,112.36.210.252
786,786,Roxine,Nuttey,5374155697,126.105.103.103
787,787,Lemar,Girogetti,5123880397,225.194.104.172
788,788,Alys,Jeacock,4477209015,42.252.91.252
789,789,Gottfried,Maron,1512680187,57.152.166.184
790,790,Langsdon,Allum,5864353311,34.41.30.142
791,791,Guillemette,Ivermee,8142681601,28.168.233.43
792,792,Georgette,Minchenton,5826666198,30.51.248.213
793,793,Corene,Longthorn,8429954648,40.104.52.71
794,794,Marwin,Kimberly,2152561627,48.42.6.93
795,795,Cassaundra,Hawkett,7625253056,217.217.8.216
796,796,Pascale,Wollacott,8331698526,119.22.225.174
797,797,Krystle,Meriet,7285599852,4.18.112.169
798,798,Welch,Wulfinger,5121183341,50.142.107.122
799,799,Tate,Peasee,9958160669,3.154.29.143
800,800,Fulvia,Keig,1678093783,247.157.184.117
801,801,Carry,Artrick,4302847942,125.217.75.91
802,802,Dredi,Boulde,9846522212,252.4.39.118
803,803,Marcelia,Baughan,4693723604,163.21.206.225
804,804,Colly,Nunnery,6032686765,229.215.62.125
805,805,Stephenie,Thwaites,5941400413,37.118.22.248
806,806,Sophie,Filpo,5825120998,137.39.82.93
807,807,Rab,Van,8989865170,69.192.55.76
808,808,Vince,Marguerite,9156923531,201.22.110.249
809,809,Del,Fillary,9048318488,107.144.53.145
810,810,Belvia,McNeish,5674124091,106.63.44.76
811,811,Eula,Farnish,9769399030,19.5.113.240
812,812,Virgina,Fradgley,3314303830,112.161.25.89
813,813,Bren,Bestall,7908508073,196.214.96.251
814,814,Selena,Candlish,8848450144,255.69.18.162
815,815,Kirsteni,Everest,3527926719,206.27.23.235
816,816,Felita,Garret,4846638550,179.178.78.228
817,817,Lori,Heisman,4577569478,25.45.193.222
818,818,Langston,Creevy,8819745153,122.58.125.199
819,819,Bendick,Fernihough,7178409271,176.20.68.139
820,820,Joane,Stirland,2016152798,120.127.54.23
821,821,Noella,Stiven,1314555857,128.3.246.52
822,822,Manfred,Ebhardt,3877905332,72.11.205.204
823,823,Tristan,Lomb,1936476917,45.252.245.55
824,824,Kassi,Matuszynski,9756344928,74.235.181.243
825,825,Orsola,Haker,6332916509,70.144.203.129
826,826,Cynthie,Moncrieffe,9123911774,61.183.184.8
827,827,Jenilee,Spraggs,7066157648,37.193.103.197
828,828,Cherise,Main,4106138888,45.144.216.206
829,829,Rosy,Dainton,2424770845,246.35.165.107
830,830,Pierre,Lamzed,7515700072,137.19.176.95
831,831,Stanfield,Dancey,2256580515,100.134.52.8
832,832,Quintana,Hellard,2938106543,151.170.210.126
833,833,Sanders,Donson,4639953774,192.79.213.108
834,834,Terrie,Stopps,3302273489,78.188.205.162
835,835,Morgun,Ginnety,6179886314,240.159.85.116
836,836,Duff,Legonidec,7413193705,179.240.99.33
837,837,Filbert,Lamburne,6654946293,219.118.172.100
838,838,Frasco,Radoux,6281639544,124.194.137.83
839,839,Cornelia,Talby,5668945098,228.135.145.53
840,840,Devina,Beetlestone,2237935369,128.154.181.53
841,841,Ardelis,Cherry,3521088763,159.147.159.134
842,842,Stefanie,Housiaux,6345071124,194.137.234.34
843,843,Rabi,Gloves,7422678130,149.123.103.156
844,844,Tana,Overland,1371349081,92.183.215.114
845,845,Anica,Dechelette,4895883395,215.44.107.88
846,846,Ilysa,Serrels,5371345410,32.152.125.139
847,847,Herby,Matthieson,6345564036,143.177.92.173
848,848,Orelia,Mossop,5186426883,153.160.164.148
849,849,Coral,Bertome,1004907052,211.23.69.69
850,850,Molly,Meader,7831156562,136.61.59.58
851,851,Avram,Bothie,5184969352,243.207.185.30
852,852,Brittni,Vasyaev,5961199889,153.236.12.151
853,853,Klara,Belton,4231432575,137.103.133.230
854,854,Lari,Petrosian,7628121033,205.242.97.39
855,855,Florida,Yell,8079061483,142.190.74.170
856,856,Karia,McCourt,5644726299,41.158.124.147
857,857,Pauli,Hessel,1026246854,71.185.51.157
858,858,Atlante,Babbidge,7467234262,85.204.21.45
859,859,Eb,Quincee,3913155952,96.12.109.169
860,860,Randi,O'Bradain,1156839682,74.11.83.25
861,861,Asia,Huggan,7972638484,127.190.130.0
862,862,Aarika,Petyanin,6585533741,150.175.212.187
863,863,Tabina,Havis,9751833616,198.72.72.56
864,864,Viviene,Lott,4107669677,115.240.83.140
865,865,Maggie,Pettus,7902675681,148.65.175.39
866,866,Johan,Carabine,8118053893,38.53.78.189
867,867,Tammy,Dumsday,2139446615,89.224.192.190
868,868,Ernie,Kelwaybamber,8129200899,97.150.31.227
869,869,Elie,Enderlein,1982857025,201.175.43.50
870,870,Wolf,Battista,4109815269,93.93.67.21
871,871,Ferguson,Chiverton,9214407482,37.38.206.224
872,872,Ron,Burwell,6994977180,74.66.244.120
873,873,Neel,Jiggens,6524136190,79.238.173.200
874,874,Mariel,Baynam,7524977161,237.38.188.98
875,875,Harald,Asprey,3345432495,68.37.237.64
876,876,Osbert,Formilli,6612706262,104.23.19.208
877,877,Elaine,Smitherman,8531557764,150.78.41.29
878,878,Gustav,Corbin,8455663358,42.251.190.94
879,879,Corrie,Kittiman,1151895619,215.88.1.219
880,880,Irma,Askwith,6214293548,109.10.252.158
881,881,Tonye,Cockerill,5871336064,21.128.0.57
882,882,Basilio,Dearth,4627030339,39.30.130.82
883,883,Jess,Stoves,2952481396,11.204.229.199
884,884,Yvor,Dallimare,2048699125,203.219.33.133
885,885,Harp,Danet,1763419902,18.25.223.77
886,886,Ardine,Trahar,8788516024,247.249.59.165
887,887,Archibaldo,Langstrath,5911627883,197.4.141.151
888,888,Linn,Resdale,7678364986,211.190.217.153
889,889,Gillie,Millberg,3109746757,16.154.77.49
890,890,Marisa,Blaszczak,9682449564,229.123.30.182
891,891,Killy,Culter,9989191690,151.10.114.242
892,892,Smith,Moncrefe,5143427718,249.119.252.249
893,893,Fremont,Teaser,4955658110,218.234.177.146
894,894,Konstantine,Cowden,6574796049,194.135.86.50
895,895,Lucien,Rickwood,1358233586,33.78.79.35
896,896,Pavia,Coote,5053475137,241.242.85.219
897,897,Urbano,Cubley,3749841797,204.131.16.191
898,898,Larine,Spatari,9863262723,54.195.237.198
899,899,Kari,Brooke,5888910395,109.157.217.127
900,900,Karleen,Pegrum,5429514429,237.108.106.140
901,901,Toddie,Ciciari,5389664214,103.123.223.79
902,902,Misha,Heine,4089910795,71.255.15.197
903,903,Darline,Mitchelhill,5602597413,56.26.145.251
904,904,Edlin,Rizzillo,3187070889,244.73.229.187
905,905,Michelle,Lambdean,9608820858,13.188.169.145
906,906,Nicoline,Beadon,5643403879,193.154.218.29
907,907,Taffy,Danett,3919022942,254.213.101.233
908,908,Suzy,Shankster,9348932070,34.221.51.12
909,909,Alvis,Konmann,8997166006,152.166.145.31
910,910,Corbett,Jeffcock,3196952810,227.126.102.123
911,911,Pavel,Atack,2817882481,165.169.57.160
912,912,Ammamaria,Whiteoak,4377671462,125.57.101.238
913,913,Sebastien,Biasio,5606956587,31.179.147.113
914,914,Matthieu,Gunney,9133188921,240.156.245.4
915,915,Cinnamon,Brownfield,5352728661,195.11.26.182
916,916,Pammy,Dominick,6931034892,72.246.21.50
917,917,Kacey,O'Hallihane,5174564562,238.217.128.121
918,918,Nanice,Burch,1358745702,37.233.88.189
919,919,Harmonie,Cleyburn,7215452550,143.10.242.242
920,920,Dolley,Garmanson,4713036384,145.17.63.221
921,921,Bette,Annatt,3051018554,160.17.64.192
922,922,Candide,Glaze,1072042545,12.219.191.27
923,923,Skip,Hastin,9597428017,148.7.216.46
924,924,Garik,Bredgeland,8252314028,73.106.133.66
925,925,Dee,Tebbitt,9215902640,110.28.29.58
926,926,Livvy,O'Sharkey,5615007149,194.187.149.3
927,927,Barbette,Kennaway,8971473299,102.71.244.74
928,928,Carroll,Eckh,1113392125,100.44.81.182
929,929,Feodora,Alison,5583937674,52.4.198.30
930,930,Gerrilee,Weekly,6674291243,122.38.32.172
931,931,Cherilynn,Cardoo,4331035032,104.120.26.200
932,932,Virgina,Thomton,4484266552,245.172.29.206
933,933,Padget,Lean,6868726011,235.221.186.250
934,934,Upton,Ahlin,8774860488,15.183.41.70
935,935,Nico,Sanches,5908097761,231.102.195.53
936,936,Carroll,Lampel,1269201834,220.90.177.110
937,937,Godfree,Baynon,2573163747,242.56.4.227
938,938,Norbert,Tomovic,9251061390,172.21.129.47
939,939,Sosanna,Stampe,6979881168,138.45.37.156
940,940,Cosimo,Pitcaithley,6455776503,232.206.135.95
941,941,Odele,Heindrick,8403667838,129.35.142.24
942,942,Kylila,Blaydes,4269711361,135.229.82.241
943,943,Tania,MacAlees,1439139406,219.27.243.102
944,944,Annora,Cakes,4887491869,71.11.255.168
945,945,Haywood,Savill,4009329834,98.151.207.58
946,946,Sherline,Iacopetti,2638530391,138.143.234.152
947,947,Oberon,Creenan,1002884636,185.105.132.235
948,948,Elisha,Thorwarth,2359326577,147.1.28.190
949,949,Randolf,Schruurs,9226596290,99.33.42.114
950,950,Tressa,Ciccotti,3436216788,206.234.21.50
951,951,Marlin,Govinlock,2356502496,12.51.189.50
952,952,Oswald,Meneo,8971194949,186.189.92.28
953,953,Nikoletta,Antonescu,6686325586,116.104.203.145
954,954,Benjie,Jalland,4244036926,226.142.57.145
955,955,Sharleen,Surfleet,7651223293,204.60.101.48
956,956,Demetre,Rayner,4615164139,99.159.255.13
957,957,Dolley,Gealle,3164856842,216.4.30.180
958,958,Lon,Elvy,9745996942,115.184.230.178
959,959,Jeana,Lauritzen,4721756174,6.81.251.208
960,960,Linn,Downse,9126359397,153.96.14.29
961,961,Serge,Antal,5361918827,137.160.82.49
962,962,Rowland,Bellam,4265954367,146.133.45.35
963,963,Kaitlyn,Turneaux,7011875580,30.34.24.190
964,964,Kandace,Wadman,1343483422,28.41.134.180
965,965,Adham,Hinners,9593157932,187.40.122.180
966,966,Minette,Cumberland,6016674496,171.157.53.131
967,967,Carie,Philippou,1109415688,23.151.131.29
968,968,Chloris,Elnough,9395286937,82.218.234.204
969,969,Rolph,Walasik,5653437472,92.181.213.16
970,970,Ilise,Cowhig,6093797581,220.69.134.112
971,971,Jody,Kensley,6016469327,239.232.16.248
972,972,Lucian,Preskett,2243568010,121.74.253.195
973,973,Bellina,Oade,7006931939,179.125.155.71
974,974,Dehlia,Cuckson,4381027306,109.101.28.57
975,975,Mateo,Beckson,9021088371,31.113.168.116
976,976,Gian,Janko,7031733292,159.26.236.146
977,977,Burnard,Lonnon,4501376400,92.149.87.164
978,978,Jasper,Mosedale,8283518054,106.213.11.170
979,979,Katharyn,Kirwin,8469281896,63.30.192.137
980,980,Tremain,Dudgeon,8314111211,86.235.28.77
981,981,Abby,Merritt,6838904404,216.191.127.91
982,982,Marlie,Weagener,6446483414,147.119.4.41
983,983,Becca,McKeevers,6793957460,212.23.61.91
984,984,Arch,McCrisken,3938362176,66.119.28.127
985,985,Gilberte,Glabach,3741911317,145.228.173.165
986,986,Esdras,Wasielewski,1983020827,87.82.128.29
987,987,Traver,Tudhope,3826628347,62.96.172.57
988,988,Kahaleel,Lidgley,9662150283,67.151.147.255
989,989,Bryn,Leindecker,9907026243,14.251.208.85
990,990,Sheryl,Killeley,4251574664,18.187.18.129
991,991,Delmore,Napoleon,5177888847,88.152.103.214
992,992,Papageno,Ciardo,8341079839,109.217.11.1
993,993,Forest,Shepheard,2843025124,14.183.89.212
994,994,Nicky,Thieme,8107755239,246.128.120.47
995,995,Eldridge,Skeene,9329951161,175.92.177.24
996,996,Artus,Jansson,4154774694,47.233.2.171
997,997,Hollis,Roffey,6867981070,150.240.184.174
998,998,Lilith,Hellin,3832023012,45.151.228.175
999,999,Harman,Iacovuzzi,8267331519,216.23.31.252
1000,1000,Michell,Greaser,7289070084,225.109.220.227